{"cameraMode":{"drawMode":0,"name":"Shaded","section":"Shading Mode"},"sceneLighting":false,"audioPlay":false,"sceneViewState":{"m_AlwaysRefresh":false,"showFog":true,"showSkybox":false,"showFlares":true,"showImageEffects":true,"showParticleSystems":true,"showVisualEffectGraphs":true,"m_FxEnabled":true},"in2DMode":false,"pivot":{"x":-11.692346572875977,"y":36.223358154296878,"z":-165.22824096679688},"rotation":{"x":0.0037467689253389837,"y":-0.9937466979026794,"z":-0.10592363774776459,"w":-0.03518839180469513},"size":86.2248764038086,"orthographic":false}